{"beta": 918667.522723327, "alfa": 152179.171732125, "pvalue_beta": 1.1059378859801949e-08, "pvalue_alfa": 0.015388824298889438, "rsquared": 0.295}